startTime,task,group,team,score
1781612601003,"LSC2611","LSC_AVS","Vita Chronicle3",204.2857142857143
1781612601003,"LSC2611","LSC_AVS","Lumina-HT2",121.42857142857143
1781612601003,"LSC2611","LSC_AVS","MemoriEase",357.14285714285717
1781612601003,"LSC2611","LSC_AVS","lifeXplore1",207.14285714285717
1781612601003,"LSC2611","LSC_AVS","VISIONE1",177.14285714285717
1781612601003,"LSC2611","LSC_AVS","ChronoSeek1",0.0
1781612601003,"LSC2611","LSC_AVS","LifeGraph",107.14285714285714
1781612601003,"LSC2611","LSC_AVS","FOCAL2",228.57142857142856
1781612601003,"LSC2611","LSC_AVS","ExploringLife2",262.85714285714283
1781612601003,"LSC2611","LSC_AVS","U-Cker5",40.0
1781612601003,"LSC2611","LSC_AVS","FIrstGen2",307.14285714285717
1781612601003,"LSC2611","LSC_AVS","SnapSeek1",320.0
1781612601003,"LSC2611","LSC_AVS","MEMORIA1",240.00000000000003
1781612601003,"LSC2611","LSC_AVS","U-Cker1",127.14285714285714
1781612601003,"LSC2611","LSC_AVS","U-Cker4",84.28571428571429
1781612601003,"LSC2611","LSC_AVS","FOCAL1",242.85714285714286
1781612601003,"LSC2611","LSC_AVS","lifeXplore2",357.14285714285717
1781612601003,"LSC2611","LSC_AVS","U-Cker3",0.0
1781612601003,"LSC2611","LSC_AVS","MyEachtra",118.57142857142858
1781612601003,"LSC2611","LSC_AVS","EyeSpy",200.0
1781612601003,"LSC2611","LSC_AVS","ChronoSeek2",0.0
1781612601003,"LSC2611","LSC_AVS","MEMORIA2",228.57142857142856
1781612601003,"LSC2611","LSC_AVS","ExploringLife1",311.42857142857144
1781612601003,"LSC2611","LSC_AVS","VISIONE3",404.2857142857142
1781612601003,"LSC2611","LSC_AVS","Vita Chronicle1",112.85714285714286
1781612601003,"LSC2611","LSC_AVS","Vita Chronicle2",234.28571428571428
1781612601003,"LSC2611","LSC_AVS","SnapSeek2",234.28571428571428
1781612601003,"LSC2611","LSC_AVS","VISIONE2",304.2857142857143
1781612601003,"LSC2611","LSC_AVS","U-Cker2",0.0
1781612601003,"LSC2611","LSC_AVS","FirstGen1",342.85714285714283
1781612601003,"LSC2611","LSC_AVS","MEMORIA3",0.0
1781612836623,"LSC2621","LSC_KIS","Vita Chronicle3",0.0
1781612836623,"LSC2621","LSC_KIS","Lumina-HT2",0.0
1781612836623,"LSC2621","LSC_KIS","MemoriEase",759.7133333333334
1781612836623,"LSC2621","LSC_KIS","lifeXplore1",0.0
1781612836623,"LSC2621","LSC_KIS","VISIONE1",0.0
1781612836623,"LSC2621","LSC_KIS","ChronoSeek1",0.0
1781612836623,"LSC2621","LSC_KIS","LifeGraph",697.1983333333333
1781612836623,"LSC2621","LSC_KIS","FOCAL2",0.0
1781612836623,"LSC2621","LSC_KIS","ExploringLife2",0.0
1781612836623,"LSC2621","LSC_KIS","U-Cker5",0.0
1781612836623,"LSC2621","LSC_KIS","FIrstGen2",0.0
1781612836623,"LSC2621","LSC_KIS","SnapSeek1",0.0
1781612836623,"LSC2621","LSC_KIS","MEMORIA1",0.0
1781612836623,"LSC2621","LSC_KIS","U-Cker1",0.0
1781612836623,"LSC2621","LSC_KIS","U-Cker4",0.0
1781612836623,"LSC2621","LSC_KIS","FOCAL1",0.0
1781612836623,"LSC2621","LSC_KIS","lifeXplore2",0.0
1781612836623,"LSC2621","LSC_KIS","U-Cker3",0.0
1781612836623,"LSC2621","LSC_KIS","MyEachtra",480.365
1781612836623,"LSC2621","LSC_KIS","EyeSpy",210.48333333333335
1781612836623,"LSC2621","LSC_KIS","ChronoSeek2",0.0
1781612836623,"LSC2621","LSC_KIS","MEMORIA2",0.0
1781612836623,"LSC2621","LSC_KIS","ExploringLife1",0.0
1781612836623,"LSC2621","LSC_KIS","VISIONE3",622.74
1781612836623,"LSC2621","LSC_KIS","Vita Chronicle1",0.0
1781612836623,"LSC2621","LSC_KIS","Vita Chronicle2",0.0
1781612836623,"LSC2621","LSC_KIS","SnapSeek2",0.0
1781612836623,"LSC2621","LSC_KIS","VISIONE2",737.97
1781612836623,"LSC2621","LSC_KIS","U-Cker2",785.11
1781612836623,"LSC2621","LSC_KIS","FirstGen1",0.0
1781612836623,"LSC2621","LSC_KIS","MEMORIA3",0.0
1781613260661,"LSC2601","LSC_QA","Vita Chronicle3",0.0
1781613260661,"LSC2601","LSC_QA","Lumina-HT2",0.0
1781613260661,"LSC2601","LSC_QA","MemoriEase",57.680000000000064
1781613260661,"LSC2601","LSC_QA","lifeXplore1",0.0
1781613260661,"LSC2601","LSC_QA","VISIONE1",0.0
1781613260661,"LSC2601","LSC_QA","ChronoSeek1",0.0
1781613260661,"LSC2601","LSC_QA","LifeGraph",28.904999999999973
1781613260661,"LSC2601","LSC_QA","FOCAL2",0.0
1781613260661,"LSC2601","LSC_QA","ExploringLife2",0.0
1781613260661,"LSC2601","LSC_QA","U-Cker5",0.0
1781613260661,"LSC2601","LSC_QA","FIrstGen2",0.0
1781613260661,"LSC2601","LSC_QA","SnapSeek1",0.0
1781613260661,"LSC2601","LSC_QA","MEMORIA1",0.0
1781613260661,"LSC2601","LSC_QA","U-Cker1",0.0
1781613260661,"LSC2601","LSC_QA","U-Cker4",0.0
1781613260661,"LSC2601","LSC_QA","FOCAL1",0.0
1781613260661,"LSC2601","LSC_QA","lifeXplore2",0.0
1781613260661,"LSC2601","LSC_QA","U-Cker3",0.0
1781613260661,"LSC2601","LSC_QA","MyEachtra",407.7183333333333
1781613260661,"LSC2601","LSC_QA","EyeSpy",0.0
1781613260661,"LSC2601","LSC_QA","ChronoSeek2",0.0
1781613260661,"LSC2601","LSC_QA","MEMORIA2",0.0
1781613260661,"LSC2601","LSC_QA","ExploringLife1",0.0
1781613260661,"LSC2601","LSC_QA","VISIONE3",0.0
1781613260661,"LSC2601","LSC_QA","Vita Chronicle1",0.0
1781613260661,"LSC2601","LSC_QA","Vita Chronicle2",0.0
1781613260661,"LSC2601","LSC_QA","SnapSeek2",0.0
1781613260661,"LSC2601","LSC_QA","VISIONE2",0.0
1781613260661,"LSC2601","LSC_QA","U-Cker2",0.0
1781613260661,"LSC2601","LSC_QA","FirstGen1",0.0
1781613260661,"LSC2601","LSC_QA","MEMORIA3",0.0
1781613927291,"LSC2612","LSC_AVS","Vita Chronicle3",0.0
1781613927291,"LSC2612","LSC_AVS","Lumina-HT2",266.6666666666667
1781613927291,"LSC2612","LSC_AVS","MemoriEase",333.3333333333333
1781613927291,"LSC2612","LSC_AVS","lifeXplore1",333.3333333333333
1781613927291,"LSC2612","LSC_AVS","VISIONE1",333.3333333333333
1781613927291,"LSC2612","LSC_AVS","ChronoSeek1",0.0
1781613927291,"LSC2612","LSC_AVS","LifeGraph",0.0
1781613927291,"LSC2612","LSC_AVS","FOCAL2",66.66666666666666
1781613927291,"LSC2612","LSC_AVS","ExploringLife2",333.3333333333333
1781613927291,"LSC2612","LSC_AVS","U-Cker5",266.6666666666667
1781613927291,"LSC2612","LSC_AVS","FIrstGen2",200.00000000000003
1781613927291,"LSC2612","LSC_AVS","SnapSeek1",600.0
1781613927291,"LSC2612","LSC_AVS","MEMORIA1",0.0
1781613927291,"LSC2612","LSC_AVS","U-Cker1",266.6666666666667
1781613927291,"LSC2612","LSC_AVS","U-Cker4",0.0
1781613927291,"LSC2612","LSC_AVS","FOCAL1",466.66666666666674
1781613927291,"LSC2612","LSC_AVS","lifeXplore2",0.0
1781613927291,"LSC2612","LSC_AVS","U-Cker3",0.0
1781613927291,"LSC2612","LSC_AVS","MyEachtra",0.0
1781613927291,"LSC2612","LSC_AVS","EyeSpy",0.0
1781613927291,"LSC2612","LSC_AVS","ChronoSeek2",0.0
1781613927291,"LSC2612","LSC_AVS","MEMORIA2",0.0
1781613927291,"LSC2612","LSC_AVS","ExploringLife1",133.33333333333337
1781613927291,"LSC2612","LSC_AVS","VISIONE3",1.850371707708594E-14
1781613927291,"LSC2612","LSC_AVS","Vita Chronicle1",0.0
1781613927291,"LSC2612","LSC_AVS","Vita Chronicle2",0.0
1781613927291,"LSC2612","LSC_AVS","SnapSeek2",200.00000000000003
1781613927291,"LSC2612","LSC_AVS","VISIONE2",66.6666666666667
1781613927291,"LSC2612","LSC_AVS","U-Cker2",0.0
1781613927291,"LSC2612","LSC_AVS","FirstGen1",533.3333333333334
1781613927291,"LSC2612","LSC_AVS","MEMORIA3",0.0
1781614365977,"LSC2622","LSC_KIS","Vita Chronicle3",452.32500000000005
1781614365977,"LSC2622","LSC_KIS","Lumina-HT2",0.0
1781614365977,"LSC2622","LSC_KIS","MemoriEase",0.0
1781614365977,"LSC2622","LSC_KIS","lifeXplore1",0.0
1781614365977,"LSC2622","LSC_KIS","VISIONE1",406.75666666666666
1781614365977,"LSC2622","LSC_KIS","ChronoSeek1",0.0
1781614365977,"LSC2622","LSC_KIS","LifeGraph",594.9733333333334
1781614365977,"LSC2622","LSC_KIS","FOCAL2",0.0
1781614365977,"LSC2622","LSC_KIS","ExploringLife2",145.3216666666666
1781614365977,"LSC2622","LSC_KIS","U-Cker5",298.19
1781614365977,"LSC2622","LSC_KIS","FIrstGen2",0.0
1781614365977,"LSC2622","LSC_KIS","SnapSeek1",0.0
1781614365977,"LSC2622","LSC_KIS","MEMORIA1",0.0
1781614365977,"LSC2622","LSC_KIS","U-Cker1",586.5016666666667
1781614365977,"LSC2622","LSC_KIS","U-Cker4",0.0
1781614365977,"LSC2622","LSC_KIS","FOCAL1",0.0
1781614365977,"LSC2622","LSC_KIS","lifeXplore2",0.0
1781614365977,"LSC2622","LSC_KIS","U-Cker3",0.0
1781614365977,"LSC2622","LSC_KIS","MyEachtra",396.6966666666667
1781614365977,"LSC2622","LSC_KIS","EyeSpy",0.0
1781614365977,"LSC2622","LSC_KIS","ChronoSeek2",802.1283333333333
1781614365977,"LSC2622","LSC_KIS","MEMORIA2",0.0
1781614365977,"LSC2622","LSC_KIS","ExploringLife1",0.0
1781614365977,"LSC2622","LSC_KIS","VISIONE3",0.0
1781614365977,"LSC2622","LSC_KIS","Vita Chronicle1",492.37333333333333
1781614365977,"LSC2622","LSC_KIS","Vita Chronicle2",181.73166666666668
1781614365977,"LSC2622","LSC_KIS","SnapSeek2",319.0466666666666
1781614365977,"LSC2622","LSC_KIS","VISIONE2",0.0
1781614365977,"LSC2622","LSC_KIS","U-Cker2",0.0
1781614365977,"LSC2622","LSC_KIS","FirstGen1",0.0
1781614365977,"LSC2622","LSC_KIS","MEMORIA3",0.0
1781614749029,"LSC2602","LSC_QA","Vita Chronicle3",0.0
1781614749029,"LSC2602","LSC_QA","Lumina-HT2",703.5600000000001
1781614749029,"LSC2602","LSC_QA","MemoriEase",911.0699999999999
1781614749029,"LSC2602","LSC_QA","lifeXplore1",810.2366666666667
1781614749029,"LSC2602","LSC_QA","VISIONE1",857.0933333333334
1781614749029,"LSC2602","LSC_QA","ChronoSeek1",0.0
1781614749029,"LSC2602","LSC_QA","LifeGraph",932.2366666666667
1781614749029,"LSC2602","LSC_QA","FOCAL2",812.1483333333333
1781614749029,"LSC2602","LSC_QA","ExploringLife2",856.3566666666667
1781614749029,"LSC2602","LSC_QA","U-Cker5",667.2049999999999
1781614749029,"LSC2602","LSC_QA","FIrstGen2",0.0
1781614749029,"LSC2602","LSC_QA","SnapSeek1",739.27
1781614749029,"LSC2602","LSC_QA","MEMORIA1",0.0
1781614749029,"LSC2602","LSC_QA","U-Cker1",614.6516666666666
1781614749029,"LSC2602","LSC_QA","U-Cker4",296.945
1781614749029,"LSC2602","LSC_QA","FOCAL1",898.9533333333334
1781614749029,"LSC2602","LSC_QA","lifeXplore2",953.315
1781614749029,"LSC2602","LSC_QA","U-Cker3",481.655
1781614749029,"LSC2602","LSC_QA","MyEachtra",380.58833333333337
1781614749029,"LSC2602","LSC_QA","EyeSpy",0.0
1781614749029,"LSC2602","LSC_QA","ChronoSeek2",816.29
1781614749029,"LSC2602","LSC_QA","MEMORIA2",0.0
1781614749029,"LSC2602","LSC_QA","ExploringLife1",837.79
1781614749029,"LSC2602","LSC_QA","VISIONE3",746.2483333333333
1781614749029,"LSC2602","LSC_QA","Vita Chronicle1",885.8983333333333
1781614749029,"LSC2602","LSC_QA","Vita Chronicle2",787.1116666666667
1781614749029,"LSC2602","LSC_QA","SnapSeek2",0.0
1781614749029,"LSC2602","LSC_QA","VISIONE2",710.75
1781614749029,"LSC2602","LSC_QA","U-Cker2",668.95
1781614749029,"LSC2602","LSC_QA","FirstGen1",0.0
1781614749029,"LSC2602","LSC_QA","MEMORIA3",0.0
1781615201057,"LSC2613","LSC_AVS","Vita Chronicle3",0.0
1781615201057,"LSC2613","LSC_AVS","Lumina-HT2",37.50000000000001
1781615201057,"LSC2613","LSC_AVS","MemoriEase",62.5
1781615201057,"LSC2613","LSC_AVS","lifeXplore1",287.5
1781615201057,"LSC2613","LSC_AVS","VISIONE1",62.5
1781615201057,"LSC2613","LSC_AVS","ChronoSeek1",0.0
1781615201057,"LSC2613","LSC_AVS","LifeGraph",562.5
1781615201057,"LSC2613","LSC_AVS","FOCAL2",125.0
1781615201057,"LSC2613","LSC_AVS","ExploringLife2",237.5
1781615201057,"LSC2613","LSC_AVS","U-Cker5",112.5
1781615201057,"LSC2613","LSC_AVS","FIrstGen2",0.0
1781615201057,"LSC2613","LSC_AVS","SnapSeek1",162.5
1781615201057,"LSC2613","LSC_AVS","MEMORIA1",62.5
1781615201057,"LSC2613","LSC_AVS","U-Cker1",125.0
1781615201057,"LSC2613","LSC_AVS","U-Cker4",62.5
1781615201057,"LSC2613","LSC_AVS","FOCAL1",162.5
1781615201057,"LSC2613","LSC_AVS","lifeXplore2",0.0
1781615201057,"LSC2613","LSC_AVS","U-Cker3",0.0
1781615201057,"LSC2613","LSC_AVS","MyEachtra",250.0
1781615201057,"LSC2613","LSC_AVS","EyeSpy",0.0
1781615201057,"LSC2613","LSC_AVS","ChronoSeek2",0.0
1781615201057,"LSC2613","LSC_AVS","MEMORIA2",187.5
1781615201057,"LSC2613","LSC_AVS","ExploringLife1",0.0
1781615201057,"LSC2613","LSC_AVS","VISIONE3",300.0
1781615201057,"LSC2613","LSC_AVS","Vita Chronicle1",0.0
1781615201057,"LSC2613","LSC_AVS","Vita Chronicle2",0.0
1781615201057,"LSC2613","LSC_AVS","SnapSeek2",87.50000000000001
1781615201057,"LSC2613","LSC_AVS","VISIONE2",250.0
1781615201057,"LSC2613","LSC_AVS","U-Cker2",112.5
1781615201057,"LSC2613","LSC_AVS","FirstGen1",175.0
1781615201057,"LSC2613","LSC_AVS","MEMORIA3",0.0
1781615652240,"LSC2603","LSC_QA","Vita Chronicle3",0.0
1781615652240,"LSC2603","LSC_QA","Lumina-HT2",0.0
1781615652240,"LSC2603","LSC_QA","MemoriEase",0.0
1781615652240,"LSC2603","LSC_QA","lifeXplore1",0.0
1781615652240,"LSC2603","LSC_QA","VISIONE1",0.0
1781615652240,"LSC2603","LSC_QA","ChronoSeek1",0.0
1781615652240,"LSC2603","LSC_QA","LifeGraph",547.4166666666667
1781615652240,"LSC2603","LSC_QA","FOCAL2",0.0
1781615652240,"LSC2603","LSC_QA","ExploringLife2",0.0
1781615652240,"LSC2603","LSC_QA","U-Cker5",0.0
1781615652240,"LSC2603","LSC_QA","FIrstGen2",0.0
1781615652240,"LSC2603","LSC_QA","SnapSeek1",307.00333333333333
1781615652240,"LSC2603","LSC_QA","MEMORIA1",0.0
1781615652240,"LSC2603","LSC_QA","U-Cker1",0.0
1781615652240,"LSC2603","LSC_QA","U-Cker4",0.0
1781615652240,"LSC2603","LSC_QA","FOCAL1",0.0
1781615652240,"LSC2603","LSC_QA","lifeXplore2",0.0
1781615652240,"LSC2603","LSC_QA","U-Cker3",0.0
1781615652240,"LSC2603","LSC_QA","MyEachtra",302.72
1781615652240,"LSC2603","LSC_QA","EyeSpy",605.7
1781615652240,"LSC2603","LSC_QA","ChronoSeek2",335.5583333333334
1781615652240,"LSC2603","LSC_QA","MEMORIA2",0.0
1781615652240,"LSC2603","LSC_QA","ExploringLife1",0.0
1781615652240,"LSC2603","LSC_QA","VISIONE3",114.12166666666667
1781615652240,"LSC2603","LSC_QA","Vita Chronicle1",0.0
1781615652240,"LSC2603","LSC_QA","Vita Chronicle2",302.435
1781615652240,"LSC2603","LSC_QA","SnapSeek2",0.0
1781615652240,"LSC2603","LSC_QA","VISIONE2",0.0
1781615652240,"LSC2603","LSC_QA","U-Cker2",0.0
1781615652240,"LSC2603","LSC_QA","FirstGen1",0.0
1781615652240,"LSC2603","LSC_QA","MEMORIA3",0.0
1781616096807,"LSC2623","LSC_KIS","Vita Chronicle3",717.5066666666667
1781616096807,"LSC2623","LSC_KIS","Lumina-HT2",930.265
1781616096807,"LSC2623","LSC_KIS","MemoriEase",877.485
1781616096807,"LSC2623","LSC_KIS","lifeXplore1",603.2633333333333
1781616096807,"LSC2623","LSC_KIS","VISIONE1",911.6683333333333
1781616096807,"LSC2623","LSC_KIS","ChronoSeek1",0.0
1781616096807,"LSC2623","LSC_KIS","LifeGraph",900.1766666666667
1781616096807,"LSC2623","LSC_KIS","FOCAL2",842.5433333333333
1781616096807,"LSC2623","LSC_KIS","ExploringLife2",870.9449999999999
1781616096807,"LSC2623","LSC_KIS","U-Cker5",855.8066666666666
1781616096807,"LSC2623","LSC_KIS","FIrstGen2",898.005
1781616096807,"LSC2623","LSC_KIS","SnapSeek1",929.6633333333334
1781616096807,"LSC2623","LSC_KIS","MEMORIA1",743.14
1781616096807,"LSC2623","LSC_KIS","U-Cker1",433.0
1781616096807,"LSC2623","LSC_KIS","U-Cker4",718.3633333333333
1781616096807,"LSC2623","LSC_KIS","FOCAL1",899.145
1781616096807,"LSC2623","LSC_KIS","lifeXplore2",563.3033333333333
1781616096807,"LSC2623","LSC_KIS","U-Cker3",768.355
1781616096807,"LSC2623","LSC_KIS","MyEachtra",885.14
1781616096807,"LSC2623","LSC_KIS","EyeSpy",891.0883333333334
1781616096807,"LSC2623","LSC_KIS","ChronoSeek2",539.0799999999999
1781616096807,"LSC2623","LSC_KIS","MEMORIA2",761.8233333333333
1781616096807,"LSC2623","LSC_KIS","ExploringLife1",913.6966666666667
1781616096807,"LSC2623","LSC_KIS","VISIONE3",955.0483333333334
1781616096807,"LSC2623","LSC_KIS","Vita Chronicle1",896.3316666666667
1781616096807,"LSC2623","LSC_KIS","Vita Chronicle2",895.0016666666668
1781616096807,"LSC2623","LSC_KIS","SnapSeek2",590.4066666666666
1781616096807,"LSC2623","LSC_KIS","VISIONE2",944.9216666666666
1781616096807,"LSC2623","LSC_KIS","U-Cker2",465.83333333333337
1781616096807,"LSC2623","LSC_KIS","FirstGen1",559.4649999999999
1781616096807,"LSC2623","LSC_KIS","MEMORIA3",0.0
1781616512419,"LSC2604","LSC_QA","Vita Chronicle3",476.5466666666666
1781616512419,"LSC2604","LSC_QA","Lumina-HT2",772.355
1781616512419,"LSC2604","LSC_QA","MemoriEase",892.6766666666667
1781616512419,"LSC2604","LSC_QA","lifeXplore1",498.6916666666666
1781616512419,"LSC2604","LSC_QA","VISIONE1",883.8516666666667
1781616512419,"LSC2604","LSC_QA","ChronoSeek1",881.985
1781616512419,"LSC2604","LSC_QA","LifeGraph",550.6016666666667
1781616512419,"LSC2604","LSC_QA","FOCAL2",333.20833333333337
1781616512419,"LSC2604","LSC_QA","ExploringLife2",786.1166666666667
1781616512419,"LSC2604","LSC_QA","U-Cker5",640.205
1781616512419,"LSC2604","LSC_QA","FIrstGen2",194.71333333333337
1781616512419,"LSC2604","LSC_QA","SnapSeek1",840.0283333333333
1781616512419,"LSC2604","LSC_QA","MEMORIA1",0.0
1781616512419,"LSC2604","LSC_QA","U-Cker1",886.8766666666667
1781616512419,"LSC2604","LSC_QA","U-Cker4",527.3333333333334
1781616512419,"LSC2604","LSC_QA","FOCAL1",896.1966666666667
1781616512419,"LSC2604","LSC_QA","lifeXplore2",479.1683333333333
1781616512419,"LSC2604","LSC_QA","U-Cker3",477.21833333333325
1781616512419,"LSC2604","LSC_QA","MyEachtra",953.9866666666667
1781616512419,"LSC2604","LSC_QA","EyeSpy",511.74
1781616512419,"LSC2604","LSC_QA","ChronoSeek2",909.0466666666666
1781616512419,"LSC2604","LSC_QA","MEMORIA2",0.0
1781616512419,"LSC2604","LSC_QA","ExploringLife1",808.59
1781616512419,"LSC2604","LSC_QA","VISIONE3",815.9016666666666
1781616512419,"LSC2604","LSC_QA","Vita Chronicle1",870.1416666666667
1781616512419,"LSC2604","LSC_QA","Vita Chronicle2",0.0
1781616512419,"LSC2604","LSC_QA","SnapSeek2",0.0
1781616512419,"LSC2604","LSC_QA","VISIONE2",822.9016666666666
1781616512419,"LSC2604","LSC_QA","U-Cker2",931.4083333333333
1781616512419,"LSC2604","LSC_QA","FirstGen1",0.0
1781616512419,"LSC2604","LSC_QA","MEMORIA3",0.0
1781618653128,"LSC2615","LSC_AVS","Vita Chronicle3",0.0
1781618653128,"LSC2615","LSC_AVS","Lumina-HT2",80.0
1781618653128,"LSC2615","LSC_AVS","MemoriEase",679.9999999999999
1781618653128,"LSC2615","LSC_AVS","lifeXplore1",480.0
1781618653128,"LSC2615","LSC_AVS","VISIONE1",679.9999999999999
1781618653128,"LSC2615","LSC_AVS","ChronoSeek1",0.0
1781618653128,"LSC2615","LSC_AVS","LifeGraph",0.0
1781618653128,"LSC2615","LSC_AVS","FOCAL2",639.9999999999999
1781618653128,"LSC2615","LSC_AVS","ExploringLife2",420.00000000000006
1781618653128,"LSC2615","LSC_AVS","U-Cker5",220.00000000000003
1781618653128,"LSC2615","LSC_AVS","FIrstGen2",639.9999999999999
1781618653128,"LSC2615","LSC_AVS","SnapSeek1",500.0
1781618653128,"LSC2615","LSC_AVS","MEMORIA1",400.0
1781618653128,"LSC2615","LSC_AVS","U-Cker1",240.00000000000006
1781618653128,"LSC2615","LSC_AVS","U-Cker4",580.0
1781618653128,"LSC2615","LSC_AVS","FOCAL1",599.9999999999999
1781618653128,"LSC2615","LSC_AVS","lifeXplore2",380.0
1781618653128,"LSC2615","LSC_AVS","U-Cker3",559.9999999999999
1781618653128,"LSC2615","LSC_AVS","MyEachtra",820.0
1781618653128,"LSC2615","LSC_AVS","EyeSpy",559.9999999999999
1781618653128,"LSC2615","LSC_AVS","ChronoSeek2",80.0
1781618653128,"LSC2615","LSC_AVS","MEMORIA2",180.0
1781618653128,"LSC2615","LSC_AVS","ExploringLife1",539.9999999999999
1781618653128,"LSC2615","LSC_AVS","VISIONE3",920.0000000000001
1781618653128,"LSC2615","LSC_AVS","Vita Chronicle1",200.0
1781618653128,"LSC2615","LSC_AVS","Vita Chronicle2",0.0
1781618653128,"LSC2615","LSC_AVS","SnapSeek2",419.99999999999994
1781618653128,"LSC2615","LSC_AVS","VISIONE2",760.0
1781618653128,"LSC2615","LSC_AVS","U-Cker2",600.0
1781618653128,"LSC2615","LSC_AVS","FirstGen1",780.0
1781618653128,"LSC2615","LSC_AVS","MEMORIA3",0.0
1781618875232,"LSC2605","LSC_QA","Vita Chronicle3",0.0
1781618875232,"LSC2605","LSC_QA","Lumina-HT2",665.315
1781618875232,"LSC2605","LSC_QA","MemoriEase",0.0
1781618875232,"LSC2605","LSC_QA","lifeXplore1",0.0
1781618875232,"LSC2605","LSC_QA","VISIONE1",0.0
1781618875232,"LSC2605","LSC_QA","ChronoSeek1",0.0
1781618875232,"LSC2605","LSC_QA","LifeGraph",0.0
1781618875232,"LSC2605","LSC_QA","FOCAL2",0.0
1781618875232,"LSC2605","LSC_QA","ExploringLife2",192.51833333333326
1781618875232,"LSC2605","LSC_QA","U-Cker5",0.0
1781618875232,"LSC2605","LSC_QA","FIrstGen2",703.7766666666666
1781618875232,"LSC2605","LSC_QA","SnapSeek1",0.0
1781618875232,"LSC2605","LSC_QA","MEMORIA1",0.0
1781618875232,"LSC2605","LSC_QA","U-Cker1",0.0
1781618875232,"LSC2605","LSC_QA","U-Cker4",0.0
1781618875232,"LSC2605","LSC_QA","FOCAL1",0.0
1781618875232,"LSC2605","LSC_QA","lifeXplore2",0.0
1781618875232,"LSC2605","LSC_QA","U-Cker3",0.0
1781618875232,"LSC2605","LSC_QA","MyEachtra",0.0
1781618875232,"LSC2605","LSC_QA","EyeSpy",0.0
1781618875232,"LSC2605","LSC_QA","ChronoSeek2",0.0
1781618875232,"LSC2605","LSC_QA","MEMORIA2",0.0
1781618875232,"LSC2605","LSC_QA","ExploringLife1",0.0
1781618875232,"LSC2605","LSC_QA","VISIONE3",585.1466666666666
1781618875232,"LSC2605","LSC_QA","Vita Chronicle1",659.065
1781618875232,"LSC2605","LSC_QA","Vita Chronicle2",0.0
1781618875232,"LSC2605","LSC_QA","SnapSeek2",0.0
1781618875232,"LSC2605","LSC_QA","VISIONE2",797.5999999999999
1781618875232,"LSC2605","LSC_QA","U-Cker2",0.0
1781618875232,"LSC2605","LSC_QA","FirstGen1",0.0
1781618875232,"LSC2605","LSC_QA","MEMORIA3",0.0
1781619267732,"LSC2624","LSC_KIS","Vita Chronicle3",0.0
1781619267732,"LSC2624","LSC_KIS","Lumina-HT2",767.835
1781619267732,"LSC2624","LSC_KIS","MemoriEase",793.5033333333333
1781619267732,"LSC2624","LSC_KIS","lifeXplore1",432.16999999999996
1781619267732,"LSC2624","LSC_KIS","VISIONE1",835.8183333333334
1781619267732,"LSC2624","LSC_KIS","ChronoSeek1",0.0
1781619267732,"LSC2624","LSC_KIS","LifeGraph",0.0
1781619267732,"LSC2624","LSC_KIS","FOCAL2",696.1433333333333
1781619267732,"LSC2624","LSC_KIS","ExploringLife2",923.47
1781619267732,"LSC2624","LSC_KIS","U-Cker5",595.6883333333334
1781619267732,"LSC2624","LSC_KIS","FIrstGen2",888.52
1781619267732,"LSC2624","LSC_KIS","SnapSeek1",771.3033333333333
1781619267732,"LSC2624","LSC_KIS","MEMORIA1",746.3066666666666
1781619267732,"LSC2624","LSC_KIS","U-Cker1",577.7116666666666
1781619267732,"LSC2624","LSC_KIS","U-Cker4",890.6233333333333
1781619267732,"LSC2624","LSC_KIS","FOCAL1",887.05
1781619267732,"LSC2624","LSC_KIS","lifeXplore2",813.9633333333334
1781619267732,"LSC2624","LSC_KIS","U-Cker3",532.9483333333333
1781619267732,"LSC2624","LSC_KIS","MyEachtra",703.4916666666667
1781619267732,"LSC2624","LSC_KIS","EyeSpy",606.71
1781619267732,"LSC2624","LSC_KIS","ChronoSeek2",0.0
1781619267732,"LSC2624","LSC_KIS","MEMORIA2",727.565
1781619267732,"LSC2624","LSC_KIS","ExploringLife1",771.6483333333333
1781619267732,"LSC2624","LSC_KIS","VISIONE3",857.2866666666666
1781619267732,"LSC2624","LSC_KIS","Vita Chronicle1",0.0
1781619267732,"LSC2624","LSC_KIS","Vita Chronicle2",0.0
1781619267732,"LSC2624","LSC_KIS","SnapSeek2",835.5433333333333
1781619267732,"LSC2624","LSC_KIS","VISIONE2",902.025
1781619267732,"LSC2624","LSC_KIS","U-Cker2",637.535
1781619267732,"LSC2624","LSC_KIS","FirstGen1",855.9766666666667
1781619267732,"LSC2624","LSC_KIS","MEMORIA3",0.0
1781619603791,"LSC2606","LSC_QA","Vita Chronicle3",0.0
1781619603791,"LSC2606","LSC_QA","Lumina-HT2",0.0
1781619603791,"LSC2606","LSC_QA","MemoriEase",0.0
1781619603791,"LSC2606","LSC_QA","lifeXplore1",0.0
1781619603791,"LSC2606","LSC_QA","VISIONE1",0.0
1781619603791,"LSC2606","LSC_QA","ChronoSeek1",692.8050000000001
1781619603791,"LSC2606","LSC_QA","LifeGraph",756.0433333333333
1781619603791,"LSC2606","LSC_QA","FOCAL2",0.0
1781619603791,"LSC2606","LSC_QA","ExploringLife2",806.2883333333334
1781619603791,"LSC2606","LSC_QA","U-Cker5",0.0
1781619603791,"LSC2606","LSC_QA","FIrstGen2",0.0
1781619603791,"LSC2606","LSC_QA","SnapSeek1",0.0
1781619603791,"LSC2606","LSC_QA","MEMORIA1",737.355
1781619603791,"LSC2606","LSC_QA","U-Cker1",0.0
1781619603791,"LSC2606","LSC_QA","U-Cker4",0.0
1781619603791,"LSC2606","LSC_QA","FOCAL1",688.0433333333333
1781619603791,"LSC2606","LSC_QA","lifeXplore2",656.1266666666667
1781619603791,"LSC2606","LSC_QA","U-Cker3",0.0
1781619603791,"LSC2606","LSC_QA","MyEachtra",853.8333333333333
1781619603791,"LSC2606","LSC_QA","EyeSpy",0.0
1781619603791,"LSC2606","LSC_QA","ChronoSeek2",927.4816666666666
1781619603791,"LSC2606","LSC_QA","MEMORIA2",553.15
1781619603791,"LSC2606","LSC_QA","ExploringLife1",747.21
1781619603791,"LSC2606","LSC_QA","VISIONE3",0.0
1781619603791,"LSC2606","LSC_QA","Vita Chronicle1",0.0
1781619603791,"LSC2606","LSC_QA","Vita Chronicle2",0.0
1781619603791,"LSC2606","LSC_QA","SnapSeek2",0.0
1781619603791,"LSC2606","LSC_QA","VISIONE2",0.0
1781619603791,"LSC2606","LSC_QA","U-Cker2",0.0
1781619603791,"LSC2606","LSC_QA","FirstGen1",0.0
1781619603791,"LSC2606","LSC_QA","MEMORIA3",0.0
1781620165807,"LSC2616","LSC_AVS","Vita Chronicle3",16.666666666666664
1781620165807,"LSC2616","LSC_AVS","Lumina-HT2",166.66666666666666
1781620165807,"LSC2616","LSC_AVS","MemoriEase",816.6666666666667
1781620165807,"LSC2616","LSC_AVS","lifeXplore1",516.6666666666666
1781620165807,"LSC2616","LSC_AVS","VISIONE1",0.0
1781620165807,"LSC2616","LSC_AVS","ChronoSeek1",0.0
1781620165807,"LSC2616","LSC_AVS","LifeGraph",666.6666666666666
1781620165807,"LSC2616","LSC_AVS","FOCAL2",516.6666666666665
1781620165807,"LSC2616","LSC_AVS","ExploringLife2",883.3333333333333
1781620165807,"LSC2616","LSC_AVS","U-Cker5",483.3333333333333
1781620165807,"LSC2616","LSC_AVS","FIrstGen2",516.6666666666666
1781620165807,"LSC2616","LSC_AVS","SnapSeek1",566.6666666666665
1781620165807,"LSC2616","LSC_AVS","MEMORIA1",399.99999999999994
1781620165807,"LSC2616","LSC_AVS","U-Cker1",0.0
1781620165807,"LSC2616","LSC_AVS","U-Cker4",0.0
1781620165807,"LSC2616","LSC_AVS","FOCAL1",483.33333333333314
1781620165807,"LSC2616","LSC_AVS","lifeXplore2",466.66666666666663
1781620165807,"LSC2616","LSC_AVS","U-Cker3",16.666666666666675
1781620165807,"LSC2616","LSC_AVS","MyEachtra",733.3333333333334
1781620165807,"LSC2616","LSC_AVS","EyeSpy",549.9999999999999
1781620165807,"LSC2616","LSC_AVS","ChronoSeek2",66.66666666666667
1781620165807,"LSC2616","LSC_AVS","MEMORIA2",566.6666666666666
1781620165807,"LSC2616","LSC_AVS","ExploringLife1",799.9999999999999
1781620165807,"LSC2616","LSC_AVS","VISIONE3",666.6666666666666
1781620165807,"LSC2616","LSC_AVS","Vita Chronicle1",233.33333333333331
1781620165807,"LSC2616","LSC_AVS","Vita Chronicle2",0.0
1781620165807,"LSC2616","LSC_AVS","SnapSeek2",0.0
1781620165807,"LSC2616","LSC_AVS","VISIONE2",500.0
1781620165807,"LSC2616","LSC_AVS","U-Cker2",0.0
1781620165807,"LSC2616","LSC_AVS","FirstGen1",83.33333333333333
1781620165807,"LSC2616","LSC_AVS","MEMORIA3",0.0
1781620477941,"LSC2607","LSC_QA","Vita Chronicle3",341.3166666666667
1781620477941,"LSC2607","LSC_QA","Lumina-HT2",549.1116666666667
1781620477941,"LSC2607","LSC_QA","MemoriEase",732.03
1781620477941,"LSC2607","LSC_QA","lifeXplore1",605.315
1781620477941,"LSC2607","LSC_QA","VISIONE1",766.5416666666667
1781620477941,"LSC2607","LSC_QA","ChronoSeek1",770.9266666666667
1781620477941,"LSC2607","LSC_QA","LifeGraph",495.68500000000006
1781620477941,"LSC2607","LSC_QA","FOCAL2",0.0
1781620477941,"LSC2607","LSC_QA","ExploringLife2",678.0333333333333
1781620477941,"LSC2607","LSC_QA","U-Cker5",738.935
1781620477941,"LSC2607","LSC_QA","FIrstGen2",0.0
1781620477941,"LSC2607","LSC_QA","SnapSeek1",514.27
1781620477941,"LSC2607","LSC_QA","MEMORIA1",787.59
1781620477941,"LSC2607","LSC_QA","U-Cker1",833.135
1781620477941,"LSC2607","LSC_QA","U-Cker4",785.9100000000001
1781620477941,"LSC2607","LSC_QA","FOCAL1",640.345
1781620477941,"LSC2607","LSC_QA","lifeXplore2",413.22
1781620477941,"LSC2607","LSC_QA","U-Cker3",673.3983333333333
1781620477941,"LSC2607","LSC_QA","MyEachtra",941.9300000000001
1781620477941,"LSC2607","LSC_QA","EyeSpy",567.5183333333333
1781620477941,"LSC2607","LSC_QA","ChronoSeek2",811.1333333333334
1781620477941,"LSC2607","LSC_QA","MEMORIA2",629.895
1781620477941,"LSC2607","LSC_QA","ExploringLife1",754.0766666666667
1781620477941,"LSC2607","LSC_QA","VISIONE3",614.0766666666666
1781620477941,"LSC2607","LSC_QA","Vita Chronicle1",404.1833333333334
1781620477941,"LSC2607","LSC_QA","Vita Chronicle2",0.0
1781620477941,"LSC2607","LSC_QA","SnapSeek2",0.0
1781620477941,"LSC2607","LSC_QA","VISIONE2",550.3033333333333
1781620477941,"LSC2607","LSC_QA","U-Cker2",0.0
1781620477941,"LSC2607","LSC_QA","FirstGen1",339.38
1781620477941,"LSC2607","LSC_QA","MEMORIA3",0.0
1781620920586,"LSC2626","LSC_KIS","Vita Chronicle3",655.02
1781620920586,"LSC2626","LSC_KIS","Lumina-HT2",0.0
1781620920586,"LSC2626","LSC_KIS","MemoriEase",770.5716666666667
1781620920586,"LSC2626","LSC_KIS","lifeXplore1",844.4633333333334
1781620920586,"LSC2626","LSC_KIS","VISIONE1",0.0
1781620920586,"LSC2626","LSC_KIS","ChronoSeek1",386.70833333333337
1781620920586,"LSC2626","LSC_KIS","LifeGraph",857.1166666666666
1781620920586,"LSC2626","LSC_KIS","FOCAL2",780.9183333333333
1781620920586,"LSC2626","LSC_KIS","ExploringLife2",795.2983333333333
1781620920586,"LSC2626","LSC_KIS","U-Cker5",413.40166666666664
1781620920586,"LSC2626","LSC_KIS","FIrstGen2",782.2766666666666
1781620920586,"LSC2626","LSC_KIS","SnapSeek1",885.6833333333334
1781620920586,"LSC2626","LSC_KIS","MEMORIA1",858.5616666666667
1781620920586,"LSC2626","LSC_KIS","U-Cker1",0.0
1781620920586,"LSC2626","LSC_KIS","U-Cker4",783.4283333333333
1781620920586,"LSC2626","LSC_KIS","FOCAL1",711.365
1781620920586,"LSC2626","LSC_KIS","lifeXplore2",803.8383333333334
1781620920586,"LSC2626","LSC_KIS","U-Cker3",682.275
1781620920586,"LSC2626","LSC_KIS","MyEachtra",873.0266666666666
1781620920586,"LSC2626","LSC_KIS","EyeSpy",735.4816666666667
1781620920586,"LSC2626","LSC_KIS","ChronoSeek2",417.5133333333333
1781620920586,"LSC2626","LSC_KIS","MEMORIA2",684.115
1781620920586,"LSC2626","LSC_KIS","ExploringLife1",926.3716666666667
1781620920586,"LSC2626","LSC_KIS","VISIONE3",805.7016666666666
1781620920586,"LSC2626","LSC_KIS","Vita Chronicle1",887.6483333333333
1781620920586,"LSC2626","LSC_KIS","Vita Chronicle2",0.0
1781620920586,"LSC2626","LSC_KIS","SnapSeek2",0.0
1781620920586,"LSC2626","LSC_KIS","VISIONE2",865.0266666666666
1781620920586,"LSC2626","LSC_KIS","U-Cker2",798.5233333333333
1781620920586,"LSC2626","LSC_KIS","FirstGen1",879.5899999999999
1781620920586,"LSC2626","LSC_KIS","MEMORIA3",0.0
1781621500724,"LSC2608","LSC_QA","Vita Chronicle3",899.6466666666666
1781621500724,"LSC2608","LSC_QA","Lumina-HT2",839.9866666666667
1781621500724,"LSC2608","LSC_QA","MemoriEase",617.4816666666667
1781621500724,"LSC2608","LSC_QA","lifeXplore1",938.665
1781621500724,"LSC2608","LSC_QA","VISIONE1",906.9233333333333
1781621500724,"LSC2608","LSC_QA","ChronoSeek1",861.7816666666668
1781621500724,"LSC2608","LSC_QA","LifeGraph",558.6
1781621500724,"LSC2608","LSC_QA","FOCAL2",872.6066666666666
1781621500724,"LSC2608","LSC_QA","ExploringLife2",846.19
1781621500724,"LSC2608","LSC_QA","U-Cker5",531.905
1781621500724,"LSC2608","LSC_QA","FIrstGen2",932.525
1781621500724,"LSC2608","LSC_QA","SnapSeek1",852.3933333333333
1781621500724,"LSC2608","LSC_QA","MEMORIA1",795.6433333333334
1781621500724,"LSC2608","LSC_QA","U-Cker1",421.66666666666663
1781621500724,"LSC2608","LSC_QA","U-Cker4",0.0
1781621500724,"LSC2608","LSC_QA","FOCAL1",0.0
1781621500724,"LSC2608","LSC_QA","lifeXplore2",944.4116666666666
1781621500724,"LSC2608","LSC_QA","U-Cker3",888.375
1781621500724,"LSC2608","LSC_QA","MyEachtra",906.145
1781621500724,"LSC2608","LSC_QA","EyeSpy",910.395
1781621500724,"LSC2608","LSC_QA","ChronoSeek2",890.9616666666666
1781621500724,"LSC2608","LSC_QA","MEMORIA2",626.2466666666667
1781621500724,"LSC2608","LSC_QA","ExploringLife1",858.0166666666667
1781621500724,"LSC2608","LSC_QA","VISIONE3",895.3166666666666
1781621500724,"LSC2608","LSC_QA","Vita Chronicle1",738.2933333333333
1781621500724,"LSC2608","LSC_QA","Vita Chronicle2",0.0
1781621500724,"LSC2608","LSC_QA","SnapSeek2",0.0
1781621500724,"LSC2608","LSC_QA","VISIONE2",909.0066666666667
1781621500724,"LSC2608","LSC_QA","U-Cker2",775.175
1781621500724,"LSC2608","LSC_QA","FirstGen1",921.9883333333332
1781621500724,"LSC2608","LSC_QA","MEMORIA3",0.0
1781621844726,"LSC2618","LSC_AVS","Vita Chronicle3",80.64516129032258
1781621844726,"LSC2618","LSC_AVS","Lumina-HT2",319.35483870967744
1781621844726,"LSC2618","LSC_AVS","MemoriEase",677.4193548387096
1781621844726,"LSC2618","LSC_AVS","lifeXplore1",516.1290322580645
1781621844726,"LSC2618","LSC_AVS","VISIONE1",735.4838709677418
1781621844726,"LSC2618","LSC_AVS","ChronoSeek1",16.129032258064516
1781621844726,"LSC2618","LSC_AVS","LifeGraph",270.96774193548396
1781621844726,"LSC2618","LSC_AVS","FOCAL2",596.7741935483871
1781621844726,"LSC2618","LSC_AVS","ExploringLife2",561.2903225806451
1781621844726,"LSC2618","LSC_AVS","U-Cker5",12.903225806451612
1781621844726,"LSC2618","LSC_AVS","FIrstGen2",370.9677419354839
1781621844726,"LSC2618","LSC_AVS","SnapSeek1",306.4516129032258
1781621844726,"LSC2618","LSC_AVS","MEMORIA1",32.25806451612903
1781621844726,"LSC2618","LSC_AVS","U-Cker1",51.612903225806434
1781621844726,"LSC2618","LSC_AVS","U-Cker4",161.29032258064515
1781621844726,"LSC2618","LSC_AVS","FOCAL1",532.258064516129
1781621844726,"LSC2618","LSC_AVS","lifeXplore2",561.2903225806451
1781621844726,"LSC2618","LSC_AVS","U-Cker3",32.25806451612903
1781621844726,"LSC2618","LSC_AVS","MyEachtra",512.9032258064517
1781621844726,"LSC2618","LSC_AVS","EyeSpy",241.93548387096774
1781621844726,"LSC2618","LSC_AVS","ChronoSeek2",12.903225806451612
1781621844726,"LSC2618","LSC_AVS","MEMORIA2",32.25806451612903
1781621844726,"LSC2618","LSC_AVS","ExploringLife1",403.22580645161287
1781621844726,"LSC2618","LSC_AVS","VISIONE3",432.258064516129
1781621844726,"LSC2618","LSC_AVS","Vita Chronicle1",145.16129032258067
1781621844726,"LSC2618","LSC_AVS","Vita Chronicle2",0.0
1781621844726,"LSC2618","LSC_AVS","SnapSeek2",0.0
1781621844726,"LSC2618","LSC_AVS","VISIONE2",696.774193548387
1781621844726,"LSC2618","LSC_AVS","U-Cker2",222.58064516129033
1781621844726,"LSC2618","LSC_AVS","FirstGen1",354.8387096774194
1781621844726,"LSC2618","LSC_AVS","MEMORIA3",0.0
1781622297404,"LSC2627","LSC_KIS","Vita Chronicle3",683.775
1781622297404,"LSC2627","LSC_KIS","Lumina-HT2",930.3483333333334
1781622297404,"LSC2627","LSC_KIS","MemoriEase",809.6633333333334
1781622297404,"LSC2627","LSC_KIS","lifeXplore1",0.0
1781622297404,"LSC2627","LSC_KIS","VISIONE1",404.9649999999999
1781622297404,"LSC2627","LSC_KIS","ChronoSeek1",122.2983333333334
1781622297404,"LSC2627","LSC_KIS","LifeGraph",882.7383333333333
1781622297404,"LSC2627","LSC_KIS","FOCAL2",830.035
1781622297404,"LSC2627","LSC_KIS","ExploringLife2",265.25
1781622297404,"LSC2627","LSC_KIS","U-Cker5",455.99
1781622297404,"LSC2627","LSC_KIS","FIrstGen2",763.0033333333333
1781622297404,"LSC2627","LSC_KIS","SnapSeek1",953.7283333333334
1781622297404,"LSC2627","LSC_KIS","MEMORIA1",882.95
1781622297404,"LSC2627","LSC_KIS","U-Cker1",485.0133333333333
1781622297404,"LSC2627","LSC_KIS","U-Cker4",0.0
1781622297404,"LSC2627","LSC_KIS","FOCAL1",600.9766666666667
1781622297404,"LSC2627","LSC_KIS","lifeXplore2",0.0
1781622297404,"LSC2627","LSC_KIS","U-Cker3",452.07500000000005
1781622297404,"LSC2627","LSC_KIS","MyEachtra",801.4749999999999
1781622297404,"LSC2627","LSC_KIS","EyeSpy",707.6116666666667
1781622297404,"LSC2627","LSC_KIS","ChronoSeek2",649.8333333333334
1781622297404,"LSC2627","LSC_KIS","MEMORIA2",330.73
1781622297404,"LSC2627","LSC_KIS","ExploringLife1",427.9383333333334
1781622297404,"LSC2627","LSC_KIS","VISIONE3",873.3066666666666
1781622297404,"LSC2627","LSC_KIS","Vita Chronicle1",655.7233333333334
1781622297404,"LSC2627","LSC_KIS","Vita Chronicle2",0.0
1781622297404,"LSC2627","LSC_KIS","SnapSeek2",0.0
1781622297404,"LSC2627","LSC_KIS","VISIONE2",900.5033333333333
1781622297404,"LSC2627","LSC_KIS","U-Cker2",455.905
1781622297404,"LSC2627","LSC_KIS","FirstGen1",771.9116666666666
1781622297404,"LSC2627","LSC_KIS","MEMORIA3",0.0
1781622714024,"LSC2610","LSC_QA","Vita Chronicle3",617.075
1781622714024,"LSC2610","LSC_QA","Lumina-HT2",801.025
1781622714024,"LSC2610","LSC_QA","MemoriEase",291.1433333333334
1781622714024,"LSC2610","LSC_QA","lifeXplore1",551.1750000000001
1781622714024,"LSC2610","LSC_QA","VISIONE1",859.5466666666666
1781622714024,"LSC2610","LSC_QA","ChronoSeek1",916.5833333333333
1781622714024,"LSC2610","LSC_QA","LifeGraph",419.3833333333333
1781622714024,"LSC2610","LSC_QA","FOCAL2",0.0
1781622714024,"LSC2610","LSC_QA","ExploringLife2",898.0966666666666
1781622714024,"LSC2610","LSC_QA","U-Cker5",594.0016666666667
1781622714024,"LSC2610","LSC_QA","FIrstGen2",419.115
1781622714024,"LSC2610","LSC_QA","SnapSeek1",814.875
1781622714024,"LSC2610","LSC_QA","MEMORIA1",441.105
1781622714024,"LSC2610","LSC_QA","U-Cker1",394.5716666666666
1781622714024,"LSC2610","LSC_QA","U-Cker4",0.0
1781622714024,"LSC2610","LSC_QA","FOCAL1",592.5033333333333
1781622714024,"LSC2610","LSC_QA","lifeXplore2",959.2083333333333
1781622714024,"LSC2610","LSC_QA","U-Cker3",0.0
1781622714024,"LSC2610","LSC_QA","MyEachtra",479.0566666666666
1781622714024,"LSC2610","LSC_QA","EyeSpy",827.1566666666666
1781622714024,"LSC2610","LSC_QA","ChronoSeek2",923.6716666666666
1781622714024,"LSC2610","LSC_QA","MEMORIA2",409.8833333333333
1781622714024,"LSC2610","LSC_QA","ExploringLife1",809.2866666666666
1781622714024,"LSC2610","LSC_QA","VISIONE3",789.8083333333334
1781622714024,"LSC2610","LSC_QA","Vita Chronicle1",0.0
1781622714024,"LSC2610","LSC_QA","Vita Chronicle2",0.0
1781622714024,"LSC2610","LSC_QA","SnapSeek2",0.0
1781622714024,"LSC2610","LSC_QA","VISIONE2",846.8416666666667
1781622714024,"LSC2610","LSC_QA","U-Cker2",713.4666666666667
1781622714024,"LSC2610","LSC_QA","FirstGen1",418.495
1781622714024,"LSC2610","LSC_QA","MEMORIA3",0.0